[
  {
    "id": "4ed7b540-5878-4ed1-b870-2adadf4794f3",
    "data": [
      {
        "text": "Qué quiere decir la respuesta transitoria.",
        "userDefined": false
      }
    ],
    "isTemplate": false,
    "count": 0,
    "lang": "en",
    "updated": 0
  },
  {
    "id": "b7b65fdc-16ad-4cee-a2ad-cbd6b268aaef",
    "data": [
      {
        "text": "Cómo se define la respuesta transitoria.",
        "userDefined": false
      }
    ],
    "isTemplate": false,
    "count": 0,
    "lang": "en",
    "updated": 0
  },
  {
    "id": "4783bf23-3288-4105-a808-69bed3ef5a97",
    "data": [
      {
        "text": "Qué es",
        "meta": "@significado",
        "alias": "significado",
        "userDefined": false
      },
      {
        "text": " la respuesta transitoria.",
        "userDefined": false
      }
    ],
    "isTemplate": false,
    "count": 0,
    "lang": "en",
    "updated": 0
  }
]