[
  {
    "id": "9a7364e1-4649-405c-8734-235be9ea6407",
    "data": [
      {
        "text": "sub amortiguado",
        "userDefined": false
      }
    ],
    "isTemplate": false,
    "count": 0,
    "lang": "es",
    "updated": 0
  },
  {
    "id": "54073fc0-997d-4ecd-a655-bb20e20f96e5",
    "data": [
      {
        "text": "subamortiguado",
        "userDefined": false
      }
    ],
    "isTemplate": false,
    "count": 0,
    "lang": "es",
    "updated": 0
  },
  {
    "id": "aef08fca-78d5-403e-9c05-d2dc02c739dc",
    "data": [
      {
        "text": "Sistema subamortiguado",
        "userDefined": false
      }
    ],
    "isTemplate": false,
    "count": 0,
    "lang": "es",
    "updated": 0
  },
  {
    "id": "6599f73c-c021-4090-b19f-7abe29fc7196",
    "data": [
      {
        "text": "Cuéntame que es",
        "meta": "@significado",
        "alias": "significado",
        "userDefined": true
      },
      {
        "text": " ",
        "userDefined": false
      },
      {
        "text": "un",
        "meta": "@sys.ignore",
        "userDefined": false
      },
      {
        "text": " sistema subamortiguado",
        "userDefined": false
      }
    ],
    "isTemplate": false,
    "count": 0,
    "lang": "es",
    "updated": 0
  },
  {
    "id": "03beec49-9c01-4499-9dec-4b08c89bbf3e",
    "data": [
      {
        "text": "Qué quiere decir",
        "meta": "@significado",
        "alias": "significado",
        "userDefined": false
      },
      {
        "text": " ",
        "userDefined": false
      },
      {
        "text": "un",
        "meta": "@sys.ignore",
        "userDefined": false
      },
      {
        "text": " sistema sub amortiguado",
        "userDefined": false
      }
    ],
    "isTemplate": false,
    "count": 0,
    "lang": "es",
    "updated": 0
  },
  {
    "id": "7c6040cb-39e1-4ffd-b6aa-ff0cce94c169",
    "data": [
      {
        "text": "Qué es",
        "meta": "@significado",
        "alias": "significado",
        "userDefined": false
      },
      {
        "text": " ",
        "userDefined": false
      },
      {
        "text": "un",
        "meta": "@sys.ignore",
        "userDefined": false
      },
      {
        "text": " sistema subamortiguado",
        "userDefined": false
      }
    ],
    "isTemplate": false,
    "count": 0,
    "lang": "es",
    "updated": 0
  }
]