[
  {
    "id": "94bccbcc-b900-43d7-a260-d2484d6b1a8d",
    "data": [
      {
        "text": "factor de amortiguamiento relativo",
        "userDefined": false
      }
    ],
    "isTemplate": false,
    "count": 0,
    "lang": "es",
    "updated": 0
  },
  {
    "id": "64936c90-3fea-4754-9e7f-502ae55cbe25",
    "data": [
      {
        "text": "Qué quiere decir el",
        "meta": "@significado",
        "alias": "significado",
        "userDefined": false
      },
      {
        "text": " factor de amortiguamiento relativo",
        "userDefined": false
      }
    ],
    "isTemplate": false,
    "count": 0,
    "lang": "es",
    "updated": 0
  },
  {
    "id": "354b17bd-5ed0-458f-958d-77c029830534",
    "data": [
      {
        "text": "Qué es el",
        "meta": "@significado",
        "alias": "significado",
        "userDefined": false
      },
      {
        "text": " factor de amortiguamiento relativo",
        "userDefined": false
      }
    ],
    "isTemplate": false,
    "count": 0,
    "lang": "es",
    "updated": 0
  }
]