[
  {
    "id": "754c5f15-5598-491c-8363-fbd505b664c4",
    "data": [
      {
        "text": "Que entiendes por",
        "meta": "@significado",
        "alias": "significado",
        "userDefined": false
      },
      {
        "text": " respuesta transitoria?",
        "userDefined": false
      }
    ],
    "isTemplate": false,
    "count": 2,
    "lang": "es",
    "updated": 0
  },
  {
    "id": "c15e80da-b6da-48f0-8070-8d1b30f5aafb",
    "data": [
      {
        "text": "Qué quiere decir la",
        "meta": "@significado",
        "alias": "significado",
        "userDefined": false
      },
      {
        "text": " respuesta transitoria?",
        "userDefined": false
      }
    ],
    "isTemplate": false,
    "count": 0,
    "lang": "es",
    "updated": 0
  },
  {
    "id": "bf9ba5a3-1a29-427d-a8d8-8f5d1cd9dd84",
    "data": [
      {
        "text": "Qué es la",
        "meta": "@significado",
        "alias": "significado",
        "userDefined": false
      },
      {
        "text": " respuesta transitoria",
        "userDefined": false
      }
    ],
    "isTemplate": false,
    "count": 0,
    "lang": "es",
    "updated": 0
  }
]