[
  {
    "id": "ad90b1a4-bdba-480d-998e-81c07b0d7ddb",
    "data": [
      {
        "text": "que entiende",
        "meta": "@significado",
        "alias": "significado",
        "userDefined": true
      },
      {
        "text": " por críticamente estable",
        "userDefined": false
      }
    ],
    "isTemplate": false,
    "count": 0,
    "lang": "es",
    "updated": 0
  },
  {
    "id": "fec13a24-a9bc-4bcb-a36b-d35e14818d70",
    "data": [
      {
        "text": "Qué es",
        "meta": "@significado",
        "alias": "significado",
        "userDefined": false
      },
      {
        "text": " ",
        "userDefined": false
      },
      {
        "text": "un",
        "meta": "@sys.ignore",
        "userDefined": false
      },
      {
        "text": " sistema criticamente estable",
        "userDefined": false
      }
    ],
    "isTemplate": false,
    "count": 0,
    "lang": "es",
    "updated": 0
  }
]