[
  {
    "id": "1ec15531-1b29-481f-b479-10976233b372",
    "data": [
      {
        "text": "Cuando un sistema",
        "meta": "@significado",
        "alias": "significado",
        "userDefined": true
      },
      {
        "text": " es inestable?",
        "userDefined": false
      }
    ],
    "isTemplate": false,
    "count": 0,
    "lang": "es",
    "updated": 0
  },
  {
    "id": "155eab0b-f7b5-47ec-82e4-fd4d85556552",
    "data": [
      {
        "text": "Como se explica",
        "meta": "@significado",
        "alias": "significado",
        "userDefined": false
      },
      {
        "text": " ",
        "userDefined": false
      },
      {
        "text": "un",
        "meta": "@sys.ignore",
        "userDefined": false
      },
      {
        "text": " sistema inestable",
        "userDefined": false
      }
    ],
    "isTemplate": false,
    "count": 0,
    "lang": "es",
    "updated": 0
  },
  {
    "id": "b7f3d5ef-97ed-4d26-bec0-0a4fad46f7ca",
    "data": [
      {
        "text": "Qué es",
        "meta": "@significado",
        "alias": "significado",
        "userDefined": false
      },
      {
        "text": " ",
        "userDefined": false
      },
      {
        "text": "un",
        "meta": "@sys.ignore",
        "userDefined": false
      },
      {
        "text": " sistema inestable?",
        "userDefined": false
      }
    ],
    "isTemplate": false,
    "count": 0,
    "lang": "es",
    "updated": 0
  }
]