[
  {
    "id": "1450eca4-7930-491f-88ba-f288fead68b8",
    "data": [
      {
        "text": "compensadores",
        "userDefined": false
      }
    ],
    "isTemplate": false,
    "count": 0,
    "lang": "en",
    "updated": 0
  },
  {
    "id": "cc697a02-a726-48dc-82d6-c9b3e91b0190",
    "data": [
      {
        "text": "ejercicios ",
        "userDefined": false
      },
      {
        "text": "de",
        "meta": "@sys.ignore",
        "userDefined": false
      },
      {
        "text": " compensación",
        "userDefined": false
      }
    ],
    "isTemplate": false,
    "count": 0,
    "lang": "en",
    "updated": 0
  },
  {
    "id": "af45a1dc-21dd-4aa1-b8b3-ab9c1e66615a",
    "data": [
      {
        "text": "ejercicicos practocos ",
        "userDefined": false
      },
      {
        "text": "de",
        "meta": "@sys.ignore",
        "userDefined": false
      },
      {
        "text": " compensadores",
        "userDefined": false
      }
    ],
    "isTemplate": false,
    "count": 0,
    "lang": "en",
    "updated": 0
  },
  {
    "id": "0fd9d76d-76bf-4291-b131-877ec088a41c",
    "data": [
      {
        "text": "ejercicios ",
        "userDefined": false
      },
      {
        "text": "de",
        "meta": "@sys.ignore",
        "userDefined": false
      },
      {
        "text": " compensadores",
        "userDefined": false
      }
    ],
    "isTemplate": false,
    "count": 0,
    "lang": "en",
    "updated": 0
  },
  {
    "id": "7a8c5911-9f79-4cb1-ad7a-42050b92531b",
    "data": [
      {
        "text": "Quiero",
        "meta": "@sys.ignore",
        "userDefined": false
      },
      {
        "text": " ver ejercicios ",
        "userDefined": false
      },
      {
        "text": "de",
        "meta": "@sys.ignore",
        "userDefined": false
      },
      {
        "text": " compensadores",
        "userDefined": false
      }
    ],
    "isTemplate": false,
    "count": 0,
    "lang": "en",
    "updated": 0
  }
]