[
  {
    "id": "2fd21ec1-c6e6-4d1b-8a35-6e5eeac6872b",
    "data": [
      {
        "text": "quiero",
        "meta": "@sys.ignore",
        "userDefined": false
      },
      {
        "text": " ver ejercicios de compensacion",
        "userDefined": false
      }
    ],
    "isTemplate": false,
    "count": 0,
    "lang": "es",
    "updated": 0
  },
  {
    "id": "07b428fe-ece4-4e56-b4e1-6f4940a6f387",
    "data": [
      {
        "text": "quiero",
        "meta": "@sys.ignore",
        "userDefined": false
      },
      {
        "text": " ver ejercicios de compensadores",
        "userDefined": false
      }
    ],
    "isTemplate": false,
    "count": 0,
    "lang": "es",
    "updated": 0
  },
  {
    "id": "36b80c58-3ccb-40c3-9e46-09721bcf73e1",
    "data": [
      {
        "text": "ejercicios de compensación",
        "userDefined": false
      }
    ],
    "isTemplate": false,
    "count": 0,
    "lang": "es",
    "updated": 0
  },
  {
    "id": "231fa804-72be-4902-bcc9-e71d572b905e",
    "data": [
      {
        "text": "ejercicios practicos de compensadores",
        "userDefined": false
      }
    ],
    "isTemplate": false,
    "count": 0,
    "lang": "es",
    "updated": 0
  },
  {
    "id": "5673b971-82c5-4660-9927-b7dc29789251",
    "data": [
      {
        "text": "ejercicios de compensadores",
        "userDefined": false
      }
    ],
    "isTemplate": false,
    "count": 0,
    "lang": "es",
    "updated": 0
  },
  {
    "id": "7187b4bd-f18c-4d5e-9e6d-17a841cc8152",
    "data": [
      {
        "text": "compensadores",
        "userDefined": false
      }
    ],
    "isTemplate": false,
    "count": 0,
    "lang": "es",
    "updated": 0
  }
]