[
  {
    "id": "10fcd2d1-d603-401a-9fde-2211374c6b87",
    "data": [
      {
        "text": "Quiero",
        "meta": "@significado",
        "alias": "significado",
        "userDefined": false
      },
      {
        "text": " saber ",
        "userDefined": false
      },
      {
        "text": "que es la",
        "meta": "@significado",
        "alias": "significado",
        "userDefined": false
      },
      {
        "text": " compensacion",
        "userDefined": false
      }
    ],
    "isTemplate": false,
    "count": 0,
    "lang": "es",
    "updated": 0
  },
  {
    "id": "4574e342-cc1a-4ffe-8758-068504039f0a",
    "data": [
      {
        "text": "Que es la",
        "meta": "@significado",
        "alias": "significado",
        "userDefined": false
      },
      {
        "text": " compensacion",
        "userDefined": false
      }
    ],
    "isTemplate": false,
    "count": 0,
    "lang": "es",
    "updated": 0
  },
  {
    "id": "db929b2e-7129-4383-93ce-47e0780d6950",
    "data": [
      {
        "text": "Qué es la",
        "meta": "@significado",
        "alias": "significado",
        "userDefined": false
      },
      {
        "text": " comepensación",
        "userDefined": false
      }
    ],
    "isTemplate": false,
    "count": 0,
    "lang": "es",
    "updated": 0
  },
  {
    "id": "49ee4e11-44dc-4153-8dab-8ff1b51e02ed",
    "data": [
      {
        "text": "quiero",
        "meta": "@significado",
        "alias": "significado",
        "userDefined": false
      },
      {
        "text": " saber ",
        "userDefined": false
      },
      {
        "text": "que es",
        "meta": "@sys.ignore",
        "userDefined": false
      },
      {
        "text": " compensación",
        "userDefined": false
      }
    ],
    "isTemplate": false,
    "count": 0,
    "lang": "es",
    "updated": 0
  },
  {
    "id": "ce7211c0-a5f2-437e-b95c-96c9dca841d0",
    "data": [
      {
        "text": "me gustaría saber ",
        "userDefined": false
      },
      {
        "text": "que es",
        "meta": "@significado",
        "alias": "significado",
        "userDefined": false
      },
      {
        "text": " compensación",
        "userDefined": false
      }
    ],
    "isTemplate": false,
    "count": 0,
    "lang": "es",
    "updated": 0
  },
  {
    "id": "403f1b56-5ed2-4aa2-92b2-2c2fbce598b1",
    "data": [
      {
        "text": "Que es",
        "meta": "@significado",
        "alias": "significado",
        "userDefined": false
      },
      {
        "text": " compensación",
        "userDefined": false
      }
    ],
    "isTemplate": false,
    "count": 0,
    "lang": "es",
    "updated": 0
  }
]