[
  {
    "id": "c338cae2-6b8b-4153-bc18-d52d9a56bbfe",
    "data": [
      {
        "text": "Ejemplos de criterio de ",
        "userDefined": false
      },
      {
        "text": "Roth",
        "meta": "@sys.ignore",
        "userDefined": false
      }
    ],
    "isTemplate": false,
    "count": 0,
    "lang": "es",
    "updated": 0
  },
  {
    "id": "550ed499-37b0-413c-a8c4-b7e8980a5b7e",
    "data": [
      {
        "text": "Como",
        "meta": "@Como",
        "alias": "como",
        "userDefined": false
      },
      {
        "text": " funciona el criterio de estabilidad de ",
        "userDefined": false
      },
      {
        "text": "Roth",
        "meta": "@sys.ignore",
        "userDefined": false
      }
    ],
    "isTemplate": false,
    "count": 0,
    "lang": "es",
    "updated": 0
  },
  {
    "id": "673d3025-96e0-49f8-842d-48972545753b",
    "data": [
      {
        "text": "Como",
        "meta": "@Como",
        "alias": "como",
        "userDefined": false
      },
      {
        "text": " funciona el criterio de ",
        "userDefined": false
      },
      {
        "text": "Routh",
        "meta": "@sys.ignore",
        "userDefined": false
      }
    ],
    "isTemplate": false,
    "count": 0,
    "lang": "es",
    "updated": 0
  },
  {
    "id": "9c151cd1-c4b9-4bf5-bad1-e3f57f696010",
    "data": [
      {
        "text": "Qué quiete decir el",
        "meta": "@significado",
        "alias": "significado",
        "userDefined": false
      },
      {
        "text": " criterio de estabilidad de ",
        "userDefined": false
      },
      {
        "text": "Routh",
        "meta": "@sys.ignore",
        "userDefined": false
      }
    ],
    "isTemplate": false,
    "count": 0,
    "lang": "es",
    "updated": 0
  },
  {
    "id": "828e4dde-867c-485e-8e76-456c2fcd875a",
    "data": [
      {
        "text": "Qué quiere decir el",
        "meta": "@significado",
        "alias": "significado",
        "userDefined": false
      },
      {
        "text": " criterio de ",
        "userDefined": false
      },
      {
        "text": "routh",
        "meta": "@sys.ignore",
        "userDefined": false
      },
      {
        "text": "?",
        "userDefined": false
      }
    ],
    "isTemplate": false,
    "count": 0,
    "lang": "es",
    "updated": 0
  },
  {
    "id": "77c8c7c6-fd6c-40b1-b3d6-58ddcb660537",
    "data": [
      {
        "text": "Qué es el",
        "meta": "@significado",
        "alias": "significado",
        "userDefined": false
      },
      {
        "text": " criterio de ",
        "userDefined": false
      },
      {
        "text": "Routh",
        "meta": "@sys.ignore",
        "userDefined": false
      },
      {
        "text": "?",
        "userDefined": false
      }
    ],
    "isTemplate": false,
    "count": 0,
    "lang": "es",
    "updated": 0
  }
]