[
  {
    "id": "fcc517e6-3e71-4058-97d9-88ad4a688ad3",
    "data": [
      {
        "text": "que quiere decir el",
        "meta": "@significado",
        "alias": "significado",
        "userDefined": false
      },
      {
        "text": " margen de ganancia?",
        "userDefined": false
      }
    ],
    "isTemplate": false,
    "count": 0,
    "lang": "es",
    "updated": 0
  },
  {
    "id": "a0ff5346-3efe-4db2-9dd3-1d762801b852",
    "data": [
      {
        "text": "margen de ganancia",
        "userDefined": false
      }
    ],
    "isTemplate": false,
    "count": 0,
    "lang": "es",
    "updated": 0
  },
  {
    "id": "de48f7af-e78b-4f05-94b8-03128653a417",
    "data": [
      {
        "text": "Qué es",
        "meta": "@significado",
        "alias": "significado",
        "userDefined": false
      },
      {
        "text": " margen de ganancia",
        "userDefined": false
      }
    ],
    "isTemplate": false,
    "count": 0,
    "lang": "es",
    "updated": 0
  },
  {
    "id": "91e96cef-8fc9-4b81-81ad-3a864889266f",
    "data": [
      {
        "text": "Qué es el",
        "meta": "@significado",
        "alias": "significado",
        "userDefined": false
      },
      {
        "text": " margen de ganancia",
        "userDefined": false
      }
    ],
    "isTemplate": false,
    "count": 0,
    "lang": "es",
    "updated": 0
  }
]