[
  {
    "id": "89bea857-200d-4fba-804f-15f874475cdf",
    "data": [
      {
        "text": "fase ",
        "userDefined": false
      },
      {
        "text": "no",
        "meta": "@significado",
        "alias": "significado",
        "userDefined": false
      },
      {
        "text": " minima",
        "userDefined": false
      }
    ],
    "isTemplate": false,
    "count": 0,
    "lang": "es",
    "updated": 0
  },
  {
    "id": "3328a445-c0a2-4b87-a285-160b03fc8954",
    "data": [
      {
        "text": "Que es",
        "meta": "@significado",
        "alias": "significado",
        "userDefined": false
      },
      {
        "text": " ",
        "userDefined": false
      },
      {
        "text": "una",
        "meta": "@sys.number",
        "alias": "number",
        "userDefined": false
      },
      {
        "text": " sistema de fase ",
        "userDefined": false
      },
      {
        "text": "no",
        "meta": "@significado",
        "alias": "significado1",
        "userDefined": false
      },
      {
        "text": " minima",
        "userDefined": false
      }
    ],
    "isTemplate": false,
    "count": 0,
    "lang": "es",
    "updated": 0
  },
  {
    "id": "9e60b57f-ef7f-4e63-8ac6-00a27691663c",
    "data": [
      {
        "text": "Qué es",
        "meta": "@significado",
        "alias": "significado",
        "userDefined": false
      },
      {
        "text": " fase ",
        "userDefined": false
      },
      {
        "text": "no",
        "meta": "@significado",
        "alias": "significado1",
        "userDefined": false
      },
      {
        "text": " minima",
        "userDefined": false
      }
    ],
    "isTemplate": false,
    "count": 0,
    "lang": "es",
    "updated": 0
  }
]