[
  {
    "id": "34bd5822-4003-4a4a-a1cb-b17ef7820f5a",
    "data": [
      {
        "text": "bode",
        "userDefined": false
      }
    ],
    "isTemplate": false,
    "count": 0,
    "lang": "es",
    "updated": 0
  },
  {
    "id": "b396a1a0-4a4c-4ce4-934b-c0b23270629d",
    "data": [
      {
        "text": "diagrama de ",
        "userDefined": false
      },
      {
        "text": "bode",
        "meta": "@sys.ignore",
        "userDefined": false
      }
    ],
    "isTemplate": false,
    "count": 0,
    "lang": "es",
    "updated": 0
  },
  {
    "id": "4fffdaff-96b2-4c14-af6b-216dbaf776db",
    "data": [
      {
        "text": "doagrama de ",
        "userDefined": false
      },
      {
        "text": "bode",
        "meta": "@sys.ignore",
        "userDefined": false
      }
    ],
    "isTemplate": false,
    "count": 0,
    "lang": "es",
    "updated": 0
  },
  {
    "id": "ec954e48-9a4a-40de-a806-3a31a03c197d",
    "data": [
      {
        "text": "Como se",
        "meta": "@significado",
        "alias": "significado",
        "userDefined": false
      },
      {
        "text": " hace ",
        "userDefined": false
      },
      {
        "text": "un",
        "meta": "@sys.number",
        "alias": "number",
        "userDefined": false
      },
      {
        "text": " diagrama de ",
        "userDefined": false
      },
      {
        "text": "bode",
        "meta": "@sys.ignore",
        "userDefined": false
      }
    ],
    "isTemplate": false,
    "count": 0,
    "lang": "es",
    "updated": 0
  },
  {
    "id": "22e2f789-9d66-4386-b5d7-1a54da12b8bd",
    "data": [
      {
        "text": "Qué quiere decir",
        "meta": "@significado",
        "alias": "significado",
        "userDefined": false
      },
      {
        "text": " ",
        "userDefined": false
      },
      {
        "text": "bode",
        "meta": "@sys.ignore",
        "userDefined": false
      }
    ],
    "isTemplate": false,
    "count": 0,
    "lang": "es",
    "updated": 0
  },
  {
    "id": "4099e5f8-8cec-474f-a263-4c53d9c5e14f",
    "data": [
      {
        "text": "Qué es el",
        "meta": "@significado",
        "alias": "significado",
        "userDefined": false
      },
      {
        "text": " diagrama de ",
        "userDefined": false
      },
      {
        "text": "bode",
        "meta": "@sys.ignore",
        "userDefined": false
      }
    ],
    "isTemplate": false,
    "count": 0,
    "lang": "es",
    "updated": 0
  }
]