[
  {
    "id": "de93690b-8ecf-404c-8c99-1ece97a7c006",
    "data": [
      {
        "text": "margen de fase",
        "userDefined": false
      }
    ],
    "isTemplate": false,
    "count": 0,
    "lang": "es",
    "updated": 0
  },
  {
    "id": "619d6891-27cd-4bef-bb05-7b9009ce0317",
    "data": [
      {
        "text": "quiero saber que es el",
        "meta": "@significado",
        "alias": "significado",
        "userDefined": false
      },
      {
        "text": " margen de fase",
        "userDefined": false
      }
    ],
    "isTemplate": false,
    "count": 0,
    "lang": "es",
    "updated": 0
  },
  {
    "id": "689489f7-a3a3-4b19-a3c9-261effcfa8fe",
    "data": [
      {
        "text": "Que quiere decir el",
        "meta": "@significado",
        "alias": "significado",
        "userDefined": false
      },
      {
        "text": " ",
        "userDefined": false
      },
      {
        "text": "marge",
        "meta": "@sys.ignore",
        "userDefined": false
      },
      {
        "text": " de fase",
        "userDefined": false
      }
    ],
    "isTemplate": false,
    "count": 0,
    "lang": "es",
    "updated": 0
  },
  {
    "id": "61b10f1b-08c1-44c1-b04d-3e2b972bc719",
    "data": [
      {
        "text": "Qué es el",
        "meta": "@significado",
        "alias": "significado",
        "userDefined": false
      },
      {
        "text": " ",
        "userDefined": false
      },
      {
        "text": "magen",
        "meta": "@sys.ignore",
        "userDefined": false
      },
      {
        "text": " de fase",
        "userDefined": false
      }
    ],
    "isTemplate": false,
    "count": 0,
    "lang": "es",
    "updated": 0
  }
]