[
  {
    "id": "e5df7eb7-3810-4fd0-b6d4-ac127ab45f87",
    "data": [
      {
        "text": "frecuencia",
        "userDefined": false
      }
    ],
    "isTemplate": false,
    "count": 0,
    "lang": "es",
    "updated": 0
  },
  {
    "id": "1bdf1a4c-fe67-4e2f-b2d9-534c7ba70c0b",
    "data": [
      {
        "text": "respuesta en frecuencia",
        "userDefined": false
      }
    ],
    "isTemplate": false,
    "count": 0,
    "lang": "es",
    "updated": 0
  },
  {
    "id": "934626c5-9dcb-4a63-ac7b-964bfbdab81e",
    "data": [
      {
        "text": "que quiere decir la",
        "meta": "@significado",
        "alias": "significado",
        "userDefined": false
      },
      {
        "text": " respuesta en frecuencia?",
        "userDefined": false
      }
    ],
    "isTemplate": false,
    "count": 0,
    "lang": "es",
    "updated": 0
  },
  {
    "id": "de1481a0-b599-4eb5-862e-02c925dffb67",
    "data": [
      {
        "text": "Que es",
        "meta": "@significado",
        "alias": "significado",
        "userDefined": false
      },
      {
        "text": " respuesta en frecuencia",
        "userDefined": false
      }
    ],
    "isTemplate": false,
    "count": 0,
    "lang": "es",
    "updated": 0
  },
  {
    "id": "d7b40eb9-5fcc-4cde-a3ef-518c1743d1cf",
    "data": [
      {
        "text": "Qué es la",
        "meta": "@significado",
        "alias": "significado",
        "userDefined": false
      },
      {
        "text": " respuesta en frecuencia",
        "userDefined": false
      }
    ],
    "isTemplate": false,
    "count": 0,
    "lang": "es",
    "updated": 0
  }
]