[
  {
    "id": "fe97f621-1634-410a-ac21-f95dcecc89a9",
    "data": [
      {
        "text": "Ejercicios de lugar de las raíces",
        "userDefined": false
      }
    ],
    "isTemplate": false,
    "count": 0,
    "lang": "es",
    "updated": 0
  },
  {
    "id": "68569579-26b5-4861-9b33-5328c24bb8b6",
    "data": [
      {
        "text": "Ejemplos de lugar de las raíces",
        "userDefined": false
      }
    ],
    "isTemplate": false,
    "count": 0,
    "lang": "es",
    "updated": 0
  },
  {
    "id": "3fd81a38-87a1-4bb9-aed0-61cfec68eb77",
    "data": [
      {
        "text": "Como",
        "meta": "@Como",
        "alias": "como",
        "userDefined": false
      },
      {
        "text": " sacar ",
        "userDefined": false
      },
      {
        "text": "el lugar de las raíces",
        "meta": "@sys.ignore",
        "userDefined": false
      },
      {
        "text": "?",
        "userDefined": false
      }
    ],
    "isTemplate": false,
    "count": 0,
    "lang": "es",
    "updated": 0
  },
  {
    "id": "b421aff9-8cbc-4ff5-8344-30597a8a485e",
    "data": [
      {
        "text": "Qué quiere decir el",
        "meta": "@significado",
        "alias": "significado",
        "userDefined": false
      },
      {
        "text": " lugar de las raíces?",
        "userDefined": false
      }
    ],
    "isTemplate": false,
    "count": 0,
    "lang": "es",
    "updated": 0
  },
  {
    "id": "28fce674-aeef-4a76-ba05-cdba23a4fec0",
    "data": [
      {
        "text": "Qué es el",
        "meta": "@significado",
        "alias": "significado",
        "userDefined": false
      },
      {
        "text": " lugar de las raíces?",
        "userDefined": false
      }
    ],
    "isTemplate": false,
    "count": 0,
    "lang": "es",
    "updated": 0
  }
]