[
  {
    "id": "e597d229-21cc-45d9-8b30-4a7466ef11b8",
    "data": [
      {
        "text": "cuentame cómo estas",
        "userDefined": false
      }
    ],
    "isTemplate": false,
    "count": 0,
    "lang": "es",
    "updated": 0
  },
  {
    "id": "c99591c7-4afe-4a87-b7fd-5e061d1e4151",
    "data": [
      {
        "text": "cómo estas?",
        "userDefined": false
      }
    ],
    "isTemplate": false,
    "count": 4,
    "lang": "es",
    "updated": 0
  },
  {
    "id": "52dea9aa-e948-4a12-8b4a-0314b54b27db",
    "data": [
      {
        "text": "cómo has estado",
        "userDefined": false
      }
    ],
    "isTemplate": false,
    "count": 0,
    "lang": "es",
    "updated": 0
  },
  {
    "id": "e483a725-80d9-4ef1-95fc-996e7b80a81d",
    "data": [
      {
        "text": "estas bien?",
        "userDefined": false
      }
    ],
    "isTemplate": false,
    "count": 0,
    "lang": "es",
    "updated": 0
  },
  {
    "id": "3d583b01-fe0e-4499-a8ee-c77ab8c85674",
    "data": [
      {
        "text": "que",
        "meta": "@sys.ignore",
        "userDefined": false
      },
      {
        "text": " tal estas",
        "userDefined": false
      }
    ],
    "isTemplate": false,
    "count": 0,
    "lang": "es",
    "updated": 0
  },
  {
    "id": "cab69ec4-df13-4488-812d-ac6f7803d958",
    "data": [
      {
        "text": "cuentame como estas",
        "userDefined": false
      }
    ],
    "isTemplate": false,
    "count": 0,
    "lang": "es",
    "updated": 0
  },
  {
    "id": "11623b1f-6768-469e-8013-f7dc778dcde3",
    "data": [
      {
        "text": "que",
        "meta": "@sys.ignore",
        "userDefined": false
      },
      {
        "text": " tal te encuentra",
        "userDefined": false
      }
    ],
    "isTemplate": false,
    "count": 0,
    "lang": "es",
    "updated": 0
  },
  {
    "id": "ea2ad921-85a2-44e5-bfbf-dd2d45c8d433",
    "data": [
      {
        "text": "como has estado",
        "userDefined": false
      }
    ],
    "isTemplate": false,
    "count": 0,
    "lang": "es",
    "updated": 0
  },
  {
    "id": "2b01ba01-6cdf-44bc-8559-4420bc189bab",
    "data": [
      {
        "text": "\u003cfont style\u003d\"vertical-align: inherit;\"\u003e\u003cfont style\u003d\"vertical-align: inherit;\"\u003e\u003cfont style \u003d \"vertical-align: heredar;\"\u003e \u003cfont style \u003d \"vertical-align: heredar;\"\u003e Cómo estás \u003c/font\u003e \u003c/font\u003e\u003c/font\u003e\u003c/font\u003e",
        "userDefined": false
      }
    ],
    "isTemplate": false,
    "count": 0,
    "lang": "es",
    "updated": 0
  }
]