[
  {
    "id": "353e3a41-abb7-42a0-9b26-563affbf6665",
    "data": [
      {
        "text": "quienes son tus desarrolladores",
        "userDefined": false
      }
    ],
    "isTemplate": false,
    "count": 0,
    "lang": "es",
    "updated": 0
  },
  {
    "id": "f1395da9-af2e-45f1-a416-1a7670ae8b1e",
    "data": [
      {
        "text": "desarrolladores",
        "userDefined": false
      }
    ],
    "isTemplate": false,
    "count": 0,
    "lang": "es",
    "updated": 0
  },
  {
    "id": "998bb0d5-e879-4090-8a01-872924087719",
    "data": [
      {
        "text": "quien te desarrolló?",
        "userDefined": false
      }
    ],
    "isTemplate": false,
    "count": 0,
    "lang": "es",
    "updated": 0
  },
  {
    "id": "65064a2c-6a6e-44e7-aefd-a420e22a26a4",
    "data": [
      {
        "text": "tus creadores?",
        "userDefined": false
      }
    ],
    "isTemplate": false,
    "count": 0,
    "lang": "es",
    "updated": 0
  },
  {
    "id": "455a12ba-b579-463c-b587-b99eff3b8122",
    "data": [
      {
        "text": "quien te creo",
        "userDefined": false
      }
    ],
    "isTemplate": false,
    "count": 0,
    "lang": "es",
    "updated": 0
  },
  {
    "id": "2795ed96-6a12-48f7-93fa-023b9004f158",
    "data": [
      {
        "text": "quienes son tus creadores",
        "userDefined": false
      }
    ],
    "isTemplate": false,
    "count": 0,
    "lang": "es",
    "updated": 0
  },
  {
    "data": [
      {
        "text": "quien te creó",
        "userDefined": false
      }
    ],
    "isTemplate": false,
    "count": 1,
    "lang": "es",
    "updated": 0
  }
]