[
  {
    "id": "0108b2c1-f714-4b11-a8cf-09a6335ef63d",
    "data": [
      {
        "text": "Donde estas",
        "userDefined": false
      }
    ],
    "isTemplate": false,
    "count": 0,
    "lang": "es",
    "updated": 0
  },
  {
    "id": "fd7564ce-eebc-4b57-b699-0f7e8c6ebd38",
    "data": [
      {
        "text": "En que pais te crearon",
        "userDefined": false
      }
    ],
    "isTemplate": false,
    "count": 0,
    "lang": "es",
    "updated": 0
  },
  {
    "id": "e06710e7-60ac-47d3-8073-666d77343bc1",
    "data": [
      {
        "text": "Donde naciste",
        "userDefined": false
      }
    ],
    "isTemplate": false,
    "count": 0,
    "lang": "es",
    "updated": 0
  },
  {
    "id": "73384c4f-65fe-49e2-8d8e-d201aa9b0494",
    "data": [
      {
        "text": "De donde eres",
        "userDefined": false
      }
    ],
    "isTemplate": false,
    "count": 0,
    "lang": "es",
    "updated": 0
  },
  {
    "id": "c217c303-8fd2-49cb-8ae2-2c5b9d0b07b3",
    "data": [
      {
        "text": "Donde ",
        "userDefined": false
      },
      {
        "text": "vives",
        "meta": "@sys.last-name",
        "alias": "last-name",
        "userDefined": false
      }
    ],
    "isTemplate": false,
    "count": 0,
    "lang": "es",
    "updated": 0
  }
]