[
  {
    "id": "a160d67c-2404-4bf8-85e5-82f040651fdd",
    "data": [
      {
        "text": "cuanto has vivido",
        "userDefined": false
      }
    ],
    "isTemplate": false,
    "count": 0,
    "lang": "es",
    "updated": 0
  },
  {
    "id": "d73a053f-81ab-4822-a429-21fb3912b1af",
    "data": [
      {
        "text": "edad",
        "userDefined": false
      }
    ],
    "isTemplate": false,
    "count": 0,
    "lang": "es",
    "updated": 0
  },
  {
    "id": "3ec476b4-b76d-4ee0-aae2-d87ff065f341",
    "data": [
      {
        "text": "cuantos años tienes",
        "userDefined": false
      }
    ],
    "isTemplate": false,
    "count": 0,
    "lang": "es",
    "updated": 0
  },
  {
    "id": "2444c712-ebac-488d-a891-4517650d8821",
    "data": [
      {
        "text": "que edad tienes",
        "userDefined": false
      }
    ],
    "isTemplate": false,
    "count": 0,
    "lang": "es",
    "updated": 0
  }
]