[
  {
    "id": "2fc68e12-29d0-482c-85cc-41a8380580e9",
    "data": [
      {
        "text": "muestrame un sistema de control",
        "userDefined": false
      }
    ],
    "isTemplate": false,
    "count": 0,
    "lang": "es",
    "updated": 0
  },
  {
    "id": "e960e314-3366-41e4-bb1d-36f75e46c08f",
    "data": [
      {
        "text": "muéstrame una imagen de sistemas de control",
        "userDefined": false
      }
    ],
    "isTemplate": false,
    "count": 0,
    "lang": "es",
    "updated": 0
  },
  {
    "id": "ee51c70f-c0d4-4c5f-9007-7e516b5dd49e",
    "data": [
      {
        "text": "muestrame ",
        "userDefined": false
      },
      {
        "text": "un",
        "meta": "@sys.ignore",
        "userDefined": false
      },
      {
        "text": " ",
        "userDefined": false
      },
      {
        "text": "sistema",
        "meta": "@sys.ignore",
        "userDefined": false
      },
      {
        "text": " de control",
        "userDefined": false
      }
    ],
    "isTemplate": false,
    "count": 0,
    "lang": "es",
    "updated": 0
  }
]