[
  {
    "id": "a0b34e36-fff1-46d3-bbef-4d76eedb7541",
    "data": [
      {
        "text": "tengo ",
        "userDefined": false
      },
      {
        "text": "una",
        "meta": "@sys.number",
        "alias": "number",
        "userDefined": false
      },
      {
        "text": " pregunta",
        "userDefined": false
      }
    ],
    "isTemplate": false,
    "count": 3,
    "lang": "es",
    "updated": 0
  },
  {
    "id": "e28684a8-bab5-43e7-be13-6e937f3068fa",
    "data": [
      {
        "text": "ayudame con ",
        "userDefined": false
      },
      {
        "text": "una",
        "meta": "@sys.number",
        "alias": "number",
        "userDefined": false
      },
      {
        "text": " pregunta",
        "userDefined": false
      }
    ],
    "isTemplate": false,
    "count": 0,
    "lang": "es",
    "updated": 0
  },
  {
    "id": "d735cd41-f1ce-41b2-9d0c-3146edaaed51",
    "data": [
      {
        "text": "ayudame con ",
        "userDefined": false
      },
      {
        "text": "una",
        "meta": "@sys.number",
        "alias": "number",
        "userDefined": false
      },
      {
        "text": " duda",
        "userDefined": false
      }
    ],
    "isTemplate": false,
    "count": 0,
    "lang": "es",
    "updated": 0
  },
  {
    "id": "5ddc0be3-cf59-44ab-b62c-9996b2232c19",
    "data": [
      {
        "text": "hay ",
        "userDefined": false
      },
      {
        "text": "una",
        "meta": "@sys.number",
        "alias": "number",
        "userDefined": false
      },
      {
        "text": " duda qu tengo",
        "userDefined": false
      }
    ],
    "isTemplate": false,
    "count": 0,
    "lang": "es",
    "updated": 0
  },
  {
    "id": "8b5c52c2-e61a-48dd-a557-aa252f969097",
    "data": [
      {
        "text": "tengo ",
        "userDefined": false
      },
      {
        "text": "una",
        "meta": "@sys.number",
        "alias": "number",
        "userDefined": false
      },
      {
        "text": " duda",
        "userDefined": false
      }
    ],
    "isTemplate": false,
    "count": 0,
    "lang": "es",
    "updated": 0
  },
  {
    "id": "16630b5a-0bad-4859-99f0-f6878ae72829",
    "data": [
      {
        "text": "tengo ",
        "userDefined": false
      },
      {
        "text": "una",
        "meta": "@sys.number",
        "alias": "number",
        "userDefined": false
      },
      {
        "text": " dud",
        "userDefined": false
      }
    ],
    "isTemplate": false,
    "count": 0,
    "lang": "es",
    "updated": 0
  },
  {
    "id": "f034e3a8-7de0-4506-854a-bb966407fd2c",
    "data": [
      {
        "text": "quiero",
        "meta": "@significado",
        "alias": "significado",
        "userDefined": false
      },
      {
        "text": " hacer ",
        "userDefined": false
      },
      {
        "text": "una",
        "meta": "@sys.number",
        "alias": "number",
        "userDefined": false
      },
      {
        "text": " pregunta",
        "userDefined": false
      }
    ],
    "isTemplate": false,
    "count": 0,
    "lang": "es",
    "updated": 0
  },
  {
    "data": [
      {
        "text": "tengo",
        "meta": "@significado",
        "alias": "significado",
        "userDefined": false
      },
      {
        "text": " otra pregunta",
        "userDefined": false
      }
    ],
    "isTemplate": false,
    "count": 1,
    "lang": "es",
    "updated": 0
  },
  {
    "data": [
      {
        "text": "TENGO ",
        "userDefined": false
      },
      {
        "text": "UNA",
        "meta": "@sys.number",
        "alias": "number",
        "userDefined": false
      },
      {
        "text": " PREGUNTA",
        "userDefined": false
      }
    ],
    "isTemplate": false,
    "count": 1,
    "lang": "es",
    "updated": 0
  }
]