[
  {
    "id": "771cfbd5-522d-4508-87f0-8845175a56f8",
    "data": [
      {
        "text": "¿Tu nombre es?",
        "userDefined": false
      }
    ],
    "isTemplate": false,
    "count": 0,
    "lang": "en",
    "updated": 0
  },
  {
    "id": "bdcf910b-9b57-4665-a128-08ef4f1ee5b3",
    "data": [
      {
        "text": "¿Cómo te digo?",
        "userDefined": false
      }
    ],
    "isTemplate": false,
    "count": 0,
    "lang": "en",
    "updated": 0
  },
  {
    "id": "051da277-dcd5-4a9f-9fcd-3b30e652dc8c",
    "data": [
      {
        "text": "¿Cómo te llamas?",
        "userDefined": false
      }
    ],
    "isTemplate": false,
    "count": 0,
    "lang": "en",
    "updated": 0
  }
]