[
  {
    "id": "e9604028-c5cf-4d7d-bd94-af9bd64d60e6",
    "data": [
      {
        "text": "tu nombre es",
        "userDefined": false
      }
    ],
    "isTemplate": false,
    "count": 0,
    "lang": "es",
    "updated": 0
  },
  {
    "id": "faeb3bdf-f231-4d3d-a4b9-2531a9761392",
    "data": [
      {
        "text": "¿Quién eres?",
        "userDefined": false
      }
    ],
    "isTemplate": false,
    "count": 0,
    "lang": "es",
    "updated": 0
  },
  {
    "id": "48ace14f-21e8-4bd8-b678-02b1ffae3bde",
    "data": [
      {
        "text": "como te llamas",
        "userDefined": false
      }
    ],
    "isTemplate": false,
    "count": 0,
    "lang": "es",
    "updated": 0
  },
  {
    "id": "14dd1c3c-7597-4340-9ffb-cee0bf0096c1",
    "data": [
      {
        "text": "que eres",
        "userDefined": false
      }
    ],
    "isTemplate": false,
    "count": 0,
    "lang": "es",
    "updated": 0
  },
  {
    "id": "a12bad65-20ea-410c-bc3c-342120d64af7",
    "data": [
      {
        "text": "quien eres",
        "userDefined": false
      }
    ],
    "isTemplate": false,
    "count": 0,
    "lang": "es",
    "updated": 0
  }
]