[
  {
    "id": "22bd528e-a30a-4130-b781-df4af1008fa7",
    "data": [
      {
        "text": "que haces",
        "userDefined": false
      }
    ],
    "isTemplate": false,
    "count": 1,
    "lang": "es",
    "updated": 0
  },
  {
    "id": "e68ade00-c477-471b-8f91-21f0936f0d45",
    "data": [
      {
        "text": "estas?",
        "userDefined": false
      }
    ],
    "isTemplate": false,
    "count": 1,
    "lang": "es",
    "updated": 0
  },
  {
    "id": "971cdbe6-fd58-41e4-8948-91647a8496d4",
    "data": [
      {
        "text": "que haces ",
        "userDefined": false
      },
      {
        "text": "hoy",
        "meta": "@sys.ignore",
        "userDefined": false
      }
    ],
    "isTemplate": false,
    "count": 0,
    "lang": "es",
    "updated": 0
  },
  {
    "id": "41d4a532-a075-4c88-9e58-51bcd808ce13",
    "data": [
      {
        "text": "en que andas",
        "userDefined": false
      }
    ],
    "isTemplate": false,
    "count": 0,
    "lang": "es",
    "updated": 0
  }
]