[
  {
    "id": "61b1adad-94ec-4c03-a1ec-3fa38d799a27",
    "data": [
      {
        "text": "tengo una duda",
        "userDefined": false
      }
    ],
    "isTemplate": false,
    "count": 0,
    "lang": "en",
    "updated": 0
  },
  {
    "id": "26d6c6d6-ac95-4271-bc34-304b78be2901",
    "data": [
      {
        "text": "otra pregunta",
        "userDefined": false
      }
    ],
    "isTemplate": false,
    "count": 0,
    "lang": "en",
    "updated": 0
  },
  {
    "id": "dfab562a-0b63-426f-9e0f-3c0f56ee925e",
    "data": [
      {
        "text": "una pregunta mas",
        "userDefined": false
      }
    ],
    "isTemplate": false,
    "count": 0,
    "lang": "en",
    "updated": 0
  },
  {
    "id": "074f785f-8385-42e1-aff1-0b0be28f52b4",
    "data": [
      {
        "text": "puedo hacer otra pregunta?",
        "userDefined": false
      }
    ],
    "isTemplate": false,
    "count": 0,
    "lang": "en",
    "updated": 0
  }
]