[
  {
    "id": "53af15f7-5a5a-4d47-9a7b-d3b0027cac68",
    "data": [
      {
        "text": "exelente",
        "userDefined": false
      }
    ],
    "isTemplate": false,
    "count": 0,
    "lang": "es",
    "updated": 0
  },
  {
    "id": "176272ba-4842-407b-bba2-5e21b052b98f",
    "data": [
      {
        "text": "me gustó mucho",
        "userDefined": false
      }
    ],
    "isTemplate": false,
    "count": 0,
    "lang": "es",
    "updated": 0
  },
  {
    "id": "22df5ca8-484d-4dc7-bc7f-3b78ea14679d",
    "data": [
      {
        "text": "muy ",
        "userDefined": false
      },
      {
        "text": "bien",
        "meta": "@sys.ignore",
        "userDefined": false
      },
      {
        "text": " hehco",
        "userDefined": false
      }
    ],
    "isTemplate": false,
    "count": 0,
    "lang": "es",
    "updated": 0
  },
  {
    "id": "d178cbb3-29b2-44b7-983e-eaa3b23ae31d",
    "data": [
      {
        "text": "exelente trabajo",
        "userDefined": false
      }
    ],
    "isTemplate": false,
    "count": 0,
    "lang": "es",
    "updated": 0
  },
  {
    "id": "8ddb1f43-5bbd-4213-911f-6defc2bc718d",
    "data": [
      {
        "text": "muchisimas gracias",
        "userDefined": false
      }
    ],
    "isTemplate": false,
    "count": 0,
    "lang": "es",
    "updated": 0
  },
  {
    "id": "4efc8dd0-1070-47d0-a1aa-6c77decf5a71",
    "data": [
      {
        "text": "muchas racias",
        "userDefined": false
      }
    ],
    "isTemplate": false,
    "count": 0,
    "lang": "es",
    "updated": 0
  },
  {
    "id": "94daa50e-eb09-4a49-9ce4-d6800858b1b2",
    "data": [
      {
        "text": "eres lo mejor",
        "userDefined": false
      }
    ],
    "isTemplate": false,
    "count": 1,
    "lang": "es",
    "updated": 0
  }
]