[
  {
    "id": "688fcb00-70a0-475a-98e8-89cfa47c0375",
    "data": [
      {
        "text": "malparida",
        "meta": "@insultos",
        "alias": "insultos",
        "userDefined": false
      }
    ],
    "isTemplate": false,
    "count": 0,
    "lang": "es",
    "updated": 0
  },
  {
    "id": "a494a55e-b080-4771-9253-06a614da4392",
    "data": [
      {
        "text": "\u003cfont style\u003d\"vertical-align: inherit;\"\u003e\u003cfont style\u003d\"vertical-align: inherit;\"\u003eeres  \u003c/font\u003e\u003c/font\u003e",
        "userDefined": false
      },
      {
        "text": "una",
        "meta": "@sys.number",
        "alias": "number",
        "userDefined": false
      },
      {
        "text": "  ",
        "userDefined": false
      },
      {
        "text": "perra",
        "meta": "@insultos",
        "alias": "insultos",
        "userDefined": false
      }
    ],
    "isTemplate": false,
    "count": 0,
    "lang": "es",
    "updated": 0
  },
  {
    "id": "1cb4b765-354c-4a6d-ac57-6f1f710febc3",
    "data": [
      {
        "text": "eres ",
        "userDefined": false
      },
      {
        "text": "una",
        "meta": "@sys.number",
        "alias": "number",
        "userDefined": false
      },
      {
        "text": " ",
        "userDefined": false
      },
      {
        "text": "malparida",
        "meta": "@insultos",
        "alias": "insultos",
        "userDefined": false
      }
    ],
    "isTemplate": false,
    "count": 0,
    "lang": "es",
    "updated": 0
  },
  {
    "id": "6bbaafe9-8bc0-4a92-a4f9-b440ff171a4a",
    "data": [
      {
        "text": "insulto",
        "meta": "@insultos",
        "alias": "insultos",
        "userDefined": true
      },
      {
        "text": "  ",
        "userDefined": false
      },
      {
        "text": "cualquier cosa",
        "meta": "@sys.any",
        "alias": "any",
        "userDefined": true
      }
    ],
    "isTemplate": false,
    "count": 0,
    "lang": "es",
    "updated": 0
  },
  {
    "id": "9deb4fbf-4823-4c4a-93c4-6631d3f1f682",
    "data": [
      {
        "text": "cualquier cosa",
        "meta": "@sys.any",
        "alias": "any",
        "userDefined": true
      },
      {
        "text": "  ",
        "userDefined": false
      },
      {
        "text": "insulto",
        "meta": "@insultos",
        "alias": "insultos",
        "userDefined": true
      }
    ],
    "isTemplate": false,
    "count": 0,
    "lang": "es",
    "updated": 0
  },
  {
    "id": "8291622a-1cee-498d-84bc-489867b976a3",
    "data": [
      {
        "text": "insulto",
        "meta": "@insultos",
        "alias": "insultos",
        "userDefined": true
      }
    ],
    "isTemplate": false,
    "count": 0,
    "lang": "es",
    "updated": 0
  }
]