[
  {
    "id": "1769d583-b74f-4a25-bb30-dc517d08c49b",
    "data": [
      {
        "text": "qué es",
        "meta": "@significado",
        "alias": "significado",
        "userDefined": true
      },
      {
        "text": " ",
        "userDefined": false
      },
      {
        "text": "una",
        "meta": "@sys.ignore",
        "userDefined": false
      },
      {
        "text": " ",
        "userDefined": false
      },
      {
        "text": "perturbación",
        "meta": "@sys.ignore",
        "userDefined": false
      }
    ],
    "isTemplate": false,
    "count": 2,
    "lang": "es",
    "updated": 0
  },
  {
    "id": "f136628f-863c-4410-b328-d464613c3ec2",
    "data": [
      {
        "text": "que quiere decir",
        "meta": "@significado",
        "alias": "significado",
        "userDefined": true
      },
      {
        "text": " las ",
        "userDefined": false
      },
      {
        "text": "perturbaciones",
        "meta": "@sys.ignore",
        "userDefined": false
      }
    ],
    "isTemplate": false,
    "count": 0,
    "lang": "es",
    "updated": 0
  }
]