[
  {
    "id": "91e32895-cf75-414d-8414-0b8396c306ae",
    "data": [
      {
        "text": "Que quiere decir",
        "meta": "@significado",
        "alias": "significado",
        "userDefined": false
      },
      {
        "text": " ",
        "userDefined": false
      },
      {
        "text": "un",
        "meta": "@sys.ignore",
        "userDefined": false
      },
      {
        "text": " sistema dinámico?",
        "userDefined": false
      }
    ],
    "isTemplate": false,
    "count": 0,
    "lang": "es",
    "updated": 0
  },
  {
    "id": "f13028c0-9656-4d9a-b36b-0e1d9d38aedf",
    "data": [
      {
        "text": "Sistemas dinámicos",
        "userDefined": false
      }
    ],
    "isTemplate": false,
    "count": 0,
    "lang": "es",
    "updated": 0
  },
  {
    "id": "c21a0c44-1300-4e29-83c9-7b1f942c8714",
    "data": [
      {
        "text": "Qué son",
        "meta": "@significado",
        "alias": "significado",
        "userDefined": false
      },
      {
        "text": " los sistemas dinámicos?",
        "userDefined": false
      }
    ],
    "isTemplate": false,
    "count": 0,
    "lang": "es",
    "updated": 0
  },
  {
    "id": "46a06f83-a02e-427d-95e8-9c9d789ecb90",
    "data": [
      {
        "text": "Qué es",
        "meta": "@significado",
        "alias": "significado",
        "userDefined": false
      },
      {
        "text": " ",
        "userDefined": false
      },
      {
        "text": "un",
        "meta": "@sys.ignore",
        "userDefined": false
      },
      {
        "text": " sistema dinámico?",
        "userDefined": false
      }
    ],
    "isTemplate": false,
    "count": 0,
    "lang": "es",
    "updated": 0
  }
]