[
  {
    "id": "7fe13a91-8ad5-421b-ae65-5f8542d21649",
    "data": [
      {
        "text": "quiero",
        "meta": "@sys.ignore",
        "userDefined": false
      },
      {
        "text": " saber ",
        "userDefined": false
      },
      {
        "text": "que es la",
        "meta": "@sys.ignore",
        "userDefined": false
      },
      {
        "text": " ",
        "userDefined": false
      },
      {
        "text": "variable controlada",
        "meta": "@sys.ignore",
        "userDefined": false
      }
    ],
    "isTemplate": false,
    "count": 0,
    "lang": "es",
    "updated": 0
  },
  {
    "id": "103af1fe-c2fa-4cc6-97eb-daf08b94fda4",
    "data": [
      {
        "text": "qué es",
        "meta": "@significado",
        "alias": "significado",
        "userDefined": true
      },
      {
        "text": " la  ",
        "userDefined": false
      },
      {
        "text": "variable controlada",
        "meta": "@sys.ignore",
        "userDefined": false
      }
    ],
    "isTemplate": false,
    "count": 0,
    "lang": "es",
    "updated": 0
  },
  {
    "id": "679a1553-8a4f-40d0-8225-d4dc12e88938",
    "data": [
      {
        "text": "controladora",
        "meta": "@sys.ignore",
        "userDefined": false
      }
    ],
    "isTemplate": false,
    "count": 0,
    "lang": "es",
    "updated": 0
  },
  {
    "id": "be230533-75b5-4512-ba48-218da120d5de",
    "data": [
      {
        "text": "que sigifica la",
        "meta": "@sys.ignore",
        "userDefined": false
      },
      {
        "text": "  ",
        "userDefined": false
      },
      {
        "text": "variable controlada",
        "meta": "@sys.ignore",
        "userDefined": false
      }
    ],
    "isTemplate": false,
    "count": 0,
    "lang": "es",
    "updated": 0
  },
  {
    "id": "efa33b78-5c45-4415-8f2f-997ddd451beb",
    "data": [
      {
        "text": "que es la",
        "meta": "@sys.ignore",
        "userDefined": false
      },
      {
        "text": "  ",
        "userDefined": false
      },
      {
        "text": "variabel controlada",
        "meta": "@sys.ignore",
        "userDefined": false
      }
    ],
    "isTemplate": false,
    "count": 0,
    "lang": "es",
    "updated": 0
  },
  {
    "id": "bb18692e-b86b-4514-9d28-8d7dc3760c75",
    "data": [
      {
        "text": "que es la",
        "meta": "@sys.ignore",
        "userDefined": false
      },
      {
        "text": "  ",
        "userDefined": false
      },
      {
        "text": "variable controlaa",
        "meta": "@sys.ignore",
        "userDefined": false
      }
    ],
    "isTemplate": false,
    "count": 0,
    "lang": "es",
    "updated": 0
  },
  {
    "id": "b05593db-e396-4341-9641-f7772f732fdd",
    "data": [
      {
        "text": "que significa la",
        "meta": "@sys.ignore",
        "userDefined": false
      },
      {
        "text": "  ",
        "userDefined": false
      },
      {
        "text": "variable controlada",
        "meta": "@sys.ignore",
        "userDefined": false
      }
    ],
    "isTemplate": false,
    "count": 1,
    "lang": "es",
    "updated": 0
  },
  {
    "id": "2e5b3720-e5f1-408f-85a6-424de075b707",
    "data": [
      {
        "text": "Que es la",
        "meta": "@sys.ignore",
        "userDefined": false
      },
      {
        "text": "  ",
        "userDefined": false
      },
      {
        "text": "variable controlada",
        "meta": "@sys.ignore",
        "userDefined": false
      }
    ],
    "isTemplate": false,
    "count": 0,
    "lang": "es",
    "updated": 0
  }
]