[
  {
    "id": "8e6633ee-8d2e-4a96-9d0b-43cfac02c284",
    "data": [
      {
        "text": "ganancia",
        "userDefined": false
      }
    ],
    "isTemplate": false,
    "count": 0,
    "lang": "es",
    "updated": 0
  },
  {
    "id": "11929ead-b473-4016-8aab-faba863bacd5",
    "data": [
      {
        "text": "Qué entiendes por",
        "meta": "@significado",
        "alias": "significado",
        "userDefined": false
      },
      {
        "text": " ganancia?",
        "userDefined": false
      }
    ],
    "isTemplate": false,
    "count": 0,
    "lang": "es",
    "updated": 0
  },
  {
    "id": "e8816313-5957-40a1-8ecf-d7e075a48779",
    "data": [
      {
        "text": "Qué es la",
        "meta": "@significado",
        "alias": "significado",
        "userDefined": false
      },
      {
        "text": " ganancia?",
        "userDefined": false
      }
    ],
    "isTemplate": false,
    "count": 0,
    "lang": "es",
    "updated": 0
  },
  {
    "id": "a617997b-ef9d-43c3-b0e5-ac54e0c98ec6",
    "data": [
      {
        "text": "Qué quiere decir la",
        "meta": "@significado",
        "alias": "significado",
        "userDefined": false
      },
      {
        "text": " ganancia?",
        "userDefined": false
      }
    ],
    "isTemplate": false,
    "count": 1,
    "lang": "es",
    "updated": 0
  }
]