[
  {
    "id": "446d1b00-8fb0-4f32-aff5-78472789c16d",
    "data": [
      {
        "text": "controlador",
        "userDefined": false
      }
    ],
    "isTemplate": false,
    "count": 0,
    "lang": "es",
    "updated": 0
  },
  {
    "id": "2976469e-fc92-4ff7-bebc-a2dfffe99cc1",
    "data": [
      {
        "text": "que significado tiene",
        "meta": "@significado",
        "alias": "significado",
        "userDefined": true
      },
      {
        "text": " ",
        "userDefined": false
      },
      {
        "text": "un",
        "meta": "@sys.ignore",
        "userDefined": false
      },
      {
        "text": " controlador",
        "userDefined": false
      }
    ],
    "isTemplate": false,
    "count": 0,
    "lang": "es",
    "updated": 0
  },
  {
    "id": "1b10f6a2-96ef-474a-8ce0-2d088f63477c",
    "data": [
      {
        "text": "que entiendes",
        "meta": "@significado",
        "alias": "significado",
        "userDefined": true
      },
      {
        "text": " como controlador?",
        "userDefined": false
      }
    ],
    "isTemplate": false,
    "count": 0,
    "lang": "es",
    "updated": 0
  },
  {
    "id": "a58de919-40aa-46e2-9dbd-9a8e19c56746",
    "data": [
      {
        "text": "que quiere decir",
        "meta": "@significado",
        "alias": "significado",
        "userDefined": true
      },
      {
        "text": " ",
        "userDefined": false
      },
      {
        "text": "un",
        "meta": "@sys.ignore",
        "userDefined": false
      },
      {
        "text": " controlador?",
        "userDefined": false
      }
    ],
    "isTemplate": false,
    "count": 0,
    "lang": "es",
    "updated": 0
  },
  {
    "id": "526b5664-81df-4a5a-97f9-1c38249bbd51",
    "data": [
      {
        "text": "que es",
        "meta": "@significado",
        "alias": "significado",
        "userDefined": false
      },
      {
        "text": " ",
        "userDefined": false
      },
      {
        "text": "un",
        "meta": "@sys.ignore",
        "userDefined": false
      },
      {
        "text": " controlador?",
        "userDefined": false
      }
    ],
    "isTemplate": false,
    "count": 0,
    "lang": "es",
    "updated": 0
  }
]