[
  {
    "id": "afe11871-7427-4b5b-92ce-c1d18f776b32",
    "data": [
      {
        "text": "diagrama de bloques",
        "userDefined": false
      }
    ],
    "isTemplate": false,
    "count": 0,
    "lang": "es",
    "updated": 0
  },
  {
    "id": "8fae2743-438d-4d28-b607-943f853408ed",
    "data": [
      {
        "text": "Qué quiere decir",
        "meta": "@significado",
        "alias": "significado",
        "userDefined": false
      },
      {
        "text": " ",
        "userDefined": false
      },
      {
        "text": "un",
        "meta": "@sys.ignore",
        "userDefined": false
      },
      {
        "text": " diagrama de bloques?",
        "userDefined": false
      }
    ],
    "isTemplate": false,
    "count": 0,
    "lang": "es",
    "updated": 0
  },
  {
    "id": "4633fc93-8523-4254-bd77-34f51e9e6ef9",
    "data": [
      {
        "text": "Qué es",
        "meta": "@significado",
        "alias": "significado",
        "userDefined": false
      },
      {
        "text": " ",
        "userDefined": false
      },
      {
        "text": "un",
        "meta": "@sys.ignore",
        "userDefined": false
      },
      {
        "text": " diagrama de bloques?",
        "userDefined": false
      }
    ],
    "isTemplate": false,
    "count": 0,
    "lang": "es",
    "updated": 0
  },
  {
    "id": "081a23c4-18ff-4085-afce-2934f19ab726",
    "data": [
      {
        "text": "Qué es",
        "meta": "@significado",
        "alias": "significado",
        "userDefined": false
      },
      {
        "text": " diagrama e bloques?",
        "userDefined": false
      }
    ],
    "isTemplate": false,
    "count": 0,
    "lang": "es",
    "updated": 0
  }
]