[
  {
    "id": "444ecedb-8f3e-43f6-857c-67f1b02e0705",
    "data": [
      {
        "text": "Qué quiere decir",
        "meta": "@significado",
        "alias": "significado",
        "userDefined": false
      },
      {
        "text": " función ",
        "userDefined": false
      },
      {
        "text": "de",
        "meta": "@sys.ignore",
        "userDefined": false
      },
      {
        "text": " transferencia?",
        "userDefined": false
      }
    ],
    "isTemplate": false,
    "count": 0,
    "lang": "en",
    "updated": 0
  },
  {
    "id": "cf63659a-0c87-4ef4-8b83-3c8dd00b3d13",
    "data": [
      {
        "text": "Qué entiendes",
        "meta": "@significado",
        "alias": "significado",
        "userDefined": false
      },
      {
        "text": " por función ",
        "userDefined": false
      },
      {
        "text": "de",
        "meta": "@sys.ignore",
        "userDefined": false
      },
      {
        "text": " transferencia?",
        "userDefined": false
      }
    ],
    "isTemplate": false,
    "count": 0,
    "lang": "en",
    "updated": 0
  },
  {
    "id": "3032fc68-9b61-4a19-8d83-3a502b19346f",
    "data": [
      {
        "text": "transferencia",
        "userDefined": false
      }
    ],
    "isTemplate": false,
    "count": 0,
    "lang": "en",
    "updated": 0
  },
  {
    "id": "c1f491c5-f3ff-4a3b-bac0-6dc1c0fedd80",
    "data": [
      {
        "text": "función ",
        "userDefined": false
      },
      {
        "text": "de",
        "meta": "@significado",
        "alias": "significado",
        "userDefined": false
      },
      {
        "text": " transferencia",
        "userDefined": false
      }
    ],
    "isTemplate": false,
    "count": 0,
    "lang": "en",
    "updated": 0
  },
  {
    "id": "e051cd01-0951-4e38-bfbe-5d9da991f0bd",
    "data": [
      {
        "text": "Qué es",
        "meta": "@significado",
        "alias": "significado",
        "userDefined": false
      },
      {
        "text": " una función ",
        "userDefined": false
      },
      {
        "text": "de",
        "meta": "@sys.ignore",
        "userDefined": false
      },
      {
        "text": " transferencia?",
        "userDefined": false
      }
    ],
    "isTemplate": false,
    "count": 0,
    "lang": "en",
    "updated": 0
  }
]