[
  {
    "id": "34a0a4d1-583c-4389-afdc-f65e59ebc1bf",
    "data": [
      {
        "text": "como se define",
        "meta": "@significado",
        "alias": "significado",
        "userDefined": true
      },
      {
        "text": " ",
        "userDefined": false
      },
      {
        "text": "un",
        "meta": "@sys.ignore",
        "userDefined": false
      },
      {
        "text": " sensor",
        "userDefined": false
      }
    ],
    "isTemplate": false,
    "count": 0,
    "lang": "es",
    "updated": 0
  },
  {
    "id": "1f2f29a2-4979-458c-8731-a33e44a5d2c8",
    "data": [
      {
        "text": "sensor",
        "userDefined": false
      }
    ],
    "isTemplate": false,
    "count": 0,
    "lang": "es",
    "updated": 0
  },
  {
    "id": "e7095e2c-9a29-43a1-9b0e-348d39923160",
    "data": [
      {
        "text": "Que quiere decir",
        "meta": "@significado",
        "alias": "significado",
        "userDefined": true
      },
      {
        "text": " ",
        "userDefined": false
      },
      {
        "text": "un",
        "meta": "@sys.ignore",
        "userDefined": false
      },
      {
        "text": " sensor",
        "userDefined": false
      }
    ],
    "isTemplate": false,
    "count": 0,
    "lang": "es",
    "updated": 0
  },
  {
    "id": "63774150-64f3-4827-8835-e101f45650c7",
    "data": [
      {
        "text": "Qué es",
        "meta": "@significado",
        "alias": "significado",
        "userDefined": true
      },
      {
        "text": " un sensor?",
        "userDefined": false
      }
    ],
    "isTemplate": false,
    "count": 0,
    "lang": "es",
    "updated": 0
  }
]