[
  {
    "id": "e054ac8a-7c91-404e-9e52-d9750bcf156e",
    "data": [
      {
        "text": "Que quiere decir",
        "meta": "@significado",
        "alias": "significado",
        "userDefined": true
      },
      {
        "text": " las variables de estado",
        "userDefined": false
      }
    ],
    "isTemplate": false,
    "count": 0,
    "lang": "es",
    "updated": 0
  },
  {
    "id": "fcad75fa-f978-4cf9-8936-9de3d9a629aa",
    "data": [
      {
        "text": "Variables de estado",
        "userDefined": false
      }
    ],
    "isTemplate": false,
    "count": 0,
    "lang": "es",
    "updated": 0
  },
  {
    "id": "675ddaa2-da29-4b94-a2bb-5e907eda058e",
    "data": [
      {
        "text": "Qué es",
        "meta": "@significado",
        "alias": "significado",
        "userDefined": true
      },
      {
        "text": " ",
        "userDefined": false
      },
      {
        "text": "la",
        "meta": "@sys.ignore",
        "userDefined": false
      },
      {
        "text": " variable de estado?",
        "userDefined": false
      }
    ],
    "isTemplate": false,
    "count": 0,
    "lang": "es",
    "updated": 0
  },
  {
    "id": "99d0af8f-9bd4-47f3-9131-9fdc79205e8a",
    "data": [
      {
        "text": "Qué son",
        "meta": "@significado",
        "alias": "significado",
        "userDefined": true
      },
      {
        "text": " las variables de estado",
        "userDefined": false
      }
    ],
    "isTemplate": false,
    "count": 0,
    "lang": "es",
    "updated": 0
  }
]