[
  {
    "id": "ca8d36a1-9a9e-4734-9369-502a4700b6c6",
    "data": [
      {
        "text": "Ecuación caracteristica",
        "userDefined": false
      }
    ],
    "isTemplate": false,
    "count": 0,
    "lang": "es",
    "updated": 0
  },
  {
    "id": "6bcef3b1-92a9-4f39-8954-32d250fa1e07",
    "data": [
      {
        "text": "Que quiere decir la",
        "meta": "@significado",
        "alias": "significado",
        "userDefined": false
      },
      {
        "text": " ecuación caracteristica?",
        "userDefined": false
      }
    ],
    "isTemplate": false,
    "count": 0,
    "lang": "es",
    "updated": 0
  },
  {
    "id": "b62f797b-ef2e-42d3-b523-c6f51031f5c6",
    "data": [
      {
        "text": "Qué es la",
        "meta": "@significado",
        "alias": "significado",
        "userDefined": false
      },
      {
        "text": " ecuación característica?",
        "userDefined": false
      }
    ],
    "isTemplate": false,
    "count": 0,
    "lang": "es",
    "updated": 0
  }
]