[
  {
    "id": "3b19d9ff-03c7-4456-b897-451b43a0dbc3",
    "data": [
      {
        "text": "controlar",
        "userDefined": false
      }
    ],
    "isTemplate": false,
    "count": 0,
    "lang": "en",
    "updated": 0
  },
  {
    "id": "1158cf35-66c8-4fcd-b316-2051dddcb92e",
    "data": [
      {
        "text": "Qué entiendes",
        "meta": "@significado",
        "alias": "significado",
        "userDefined": true
      },
      {
        "text": " por controlar",
        "userDefined": false
      }
    ],
    "isTemplate": false,
    "count": 0,
    "lang": "en",
    "updated": 0
  },
  {
    "id": "948e4351-98ed-4796-87db-995c2f953285",
    "data": [
      {
        "text": "Qué es",
        "meta": "@significado",
        "alias": "significado",
        "userDefined": false
      },
      {
        "text": " controlar?",
        "userDefined": false
      }
    ],
    "isTemplate": false,
    "count": 0,
    "lang": "en",
    "updated": 0
  }
]