[
  {
    "id": "1b41f66e-9bdf-4acf-bf61-dd5539f617fb",
    "data": [
      {
        "text": "Quiero saber que es el",
        "meta": "@significado",
        "alias": "significado",
        "userDefined": false
      },
      {
        "text": " algebra de bloques",
        "userDefined": false
      }
    ],
    "isTemplate": false,
    "count": 0,
    "lang": "es",
    "updated": 0
  },
  {
    "id": "f19bdb3a-4c6d-4ddf-83ae-477d2aad2a10",
    "data": [
      {
        "text": "Que quiere decir el",
        "meta": "@significado",
        "alias": "significado",
        "userDefined": false
      },
      {
        "text": " algebra de bloques",
        "userDefined": false
      }
    ],
    "isTemplate": false,
    "count": 0,
    "lang": "es",
    "updated": 0
  },
  {
    "id": "e11ab1f8-974c-401f-9247-a8703b9af3f7",
    "data": [
      {
        "text": "algebra de bloques",
        "userDefined": false
      }
    ],
    "isTemplate": false,
    "count": 0,
    "lang": "es",
    "updated": 0
  },
  {
    "id": "9eeca6b6-d34e-495e-a075-4d8244d417fa",
    "data": [
      {
        "text": "Qué es el",
        "meta": "@significado",
        "alias": "significado",
        "userDefined": false
      },
      {
        "text": " algebra de bloques",
        "userDefined": false
      }
    ],
    "isTemplate": false,
    "count": 0,
    "lang": "es",
    "updated": 0
  }
]