[
  {
    "id": "30ec8aea-ddee-4466-a14e-4c6d166e6bdb",
    "data": [
      {
        "text": "Función de transferencia",
        "userDefined": false
      }
    ],
    "isTemplate": false,
    "count": 0,
    "lang": "es",
    "updated": 0
  },
  {
    "id": "0f3ac5dc-b2f8-44a8-a043-aa0e4ed07a61",
    "data": [
      {
        "text": "transferencia",
        "userDefined": false
      }
    ],
    "isTemplate": false,
    "count": 0,
    "lang": "es",
    "updated": 0
  },
  {
    "id": "30e87749-3fc2-4a1f-9b7d-9c279d4a0a8c",
    "data": [
      {
        "text": "Que quiere decir la",
        "meta": "@significado",
        "alias": "significado",
        "userDefined": false
      },
      {
        "text": " función de transferencia?",
        "userDefined": false
      }
    ],
    "isTemplate": false,
    "count": 0,
    "lang": "es",
    "updated": 0
  },
  {
    "id": "a682197e-81ff-4759-b817-bdbf8fa3e7d4",
    "data": [
      {
        "text": "Qué es la",
        "meta": "@significado",
        "alias": "significado",
        "userDefined": false
      },
      {
        "text": " función de transferencia",
        "userDefined": false
      }
    ],
    "isTemplate": false,
    "count": 0,
    "lang": "es",
    "updated": 0
  },
  {
    "id": "ed2a552e-d6db-447f-a136-61072926fdb1",
    "data": [
      {
        "text": "Qué es",
        "meta": "@significado",
        "alias": "significado",
        "userDefined": false
      },
      {
        "text": " ",
        "userDefined": false
      },
      {
        "text": "una",
        "meta": "@sys.ignore",
        "userDefined": false
      },
      {
        "text": " funcion de transferencia",
        "userDefined": false
      }
    ],
    "isTemplate": false,
    "count": 1,
    "lang": "es",
    "updated": 0
  }
]