[
  {
    "id": "155a4505-aeb7-4bf2-8795-9c6d05a15e54",
    "data": [
      {
        "text": "Qué significa",
        "meta": "@significado",
        "alias": "significado",
        "userDefined": false
      },
      {
        "text": " controlar",
        "userDefined": false
      }
    ],
    "isTemplate": false,
    "count": 0,
    "lang": "es",
    "updated": 0
  },
  {
    "id": "7f8639a7-f485-4af4-aa52-d2bf141e856f",
    "data": [
      {
        "text": "Controlar",
        "userDefined": false
      }
    ],
    "isTemplate": false,
    "count": 0,
    "lang": "es",
    "updated": 0
  },
  {
    "id": "d2c70f54-1f78-4d52-b168-20fd63e29c25",
    "data": [
      {
        "text": "Qué quiere decir",
        "meta": "@significado",
        "alias": "significado",
        "userDefined": false
      },
      {
        "text": " controlar",
        "userDefined": false
      }
    ],
    "isTemplate": false,
    "count": 0,
    "lang": "es",
    "updated": 0
  },
  {
    "id": "3a53546f-3787-400e-a78e-167597d45ada",
    "data": [
      {
        "text": "Qué es",
        "meta": "@significado",
        "alias": "significado",
        "userDefined": false
      },
      {
        "text": " controlar",
        "userDefined": false
      }
    ],
    "isTemplate": false,
    "count": 0,
    "lang": "es",
    "updated": 0
  }
]