[
  {
    "id": "2931039a-65bb-4ce1-a5a1-5dc7ee6a076a",
    "data": [
      {
        "text": "la place",
        "meta": "@sys.ignore",
        "userDefined": false
      }
    ],
    "isTemplate": false,
    "count": 0,
    "lang": "es",
    "updated": 0
  },
  {
    "id": "3068dc7e-507b-4d2f-a620-be8c89d737de",
    "data": [
      {
        "text": "laplace",
        "meta": "@sys.ignore",
        "userDefined": false
      }
    ],
    "isTemplate": false,
    "count": 0,
    "lang": "es",
    "updated": 0
  },
  {
    "id": "cfd66e24-e8c6-4393-8ac7-db006d65f4c2",
    "data": [
      {
        "text": "qué es",
        "meta": "@significado",
        "alias": "significado",
        "userDefined": true
      },
      {
        "text": " la ",
        "userDefined": false
      },
      {
        "text": "transforada de Laplace",
        "meta": "@sys.ignore",
        "userDefined": true
      }
    ],
    "isTemplate": false,
    "count": 0,
    "lang": "es",
    "updated": 0
  },
  {
    "id": "93d3d184-320e-402f-9dc5-96da79ed6943",
    "data": [
      {
        "text": "Cómo se define la ",
        "userDefined": false
      },
      {
        "text": "tranformada de Laplace",
        "meta": "@sys.ignore",
        "userDefined": true
      }
    ],
    "isTemplate": false,
    "count": 0,
    "lang": "es",
    "updated": 0
  },
  {
    "id": "c0fd02a9-840d-450c-8875-da7013068263",
    "data": [
      {
        "text": "Qué es la transformada de ",
        "userDefined": false
      },
      {
        "text": "Laplace",
        "meta": "@sys.ignore",
        "userDefined": true
      }
    ],
    "isTemplate": false,
    "count": 0,
    "lang": "es",
    "updated": 0
  }
]