[
  {
    "id": "e74f4f69-ffcb-4827-9d31-a33e82ebcb4b",
    "data": [
      {
        "text": "Que viene siendo",
        "meta": "@significado",
        "alias": "significado",
        "userDefined": true
      },
      {
        "text": " un controlador?",
        "userDefined": false
      }
    ],
    "isTemplate": false,
    "count": 0,
    "lang": "en",
    "updated": 0
  },
  {
    "id": "788be6d1-e1b0-407b-bdcd-8b3770ce674a",
    "data": [
      {
        "text": "Qué quiere decir",
        "meta": "@significado",
        "alias": "significado",
        "userDefined": false
      },
      {
        "text": " un controlador?",
        "userDefined": false
      }
    ],
    "isTemplate": false,
    "count": 0,
    "lang": "en",
    "updated": 0
  },
  {
    "id": "01a774fd-dc01-41e2-8881-a0a9ee93e044",
    "data": [
      {
        "text": "Que significa",
        "meta": "@significado",
        "alias": "significado",
        "userDefined": false
      },
      {
        "text": " un controlador?",
        "userDefined": false
      }
    ],
    "isTemplate": false,
    "count": 0,
    "lang": "en",
    "updated": 0
  },
  {
    "id": "58baf903-17ac-4fc2-bedb-39a22ac85d86",
    "data": [
      {
        "text": "¿",
        "userDefined": false
      },
      {
        "text": "Qué es",
        "meta": "@significado",
        "alias": "significado",
        "userDefined": false
      },
      {
        "text": " un controlador?",
        "userDefined": false
      }
    ],
    "isTemplate": false,
    "count": 0,
    "lang": "en",
    "updated": 0
  }
]